Wed Jul  9 13:55:30 UTC 2025
Wed Jul  9 14:16:42 UTC 2025
Thu Jul 10 14:17:38 UTC 2025
Fri Jul 11 14:17:29 UTC 2025
Mon Jul 14 14:18:33 UTC 2025
Mon Jul 14 14:29:52 UTC 2025
Mon Jul 14 14:40:29 UTC 2025
Tue Jul 15 14:16:56 UTC 2025
Wed Jul 16 14:16:33 UTC 2025
Wed Jul 16 15:23:46 UTC 2025
Thu Jul 17 14:16:19 UTC 2025
Fri Jul 18 14:17:19 UTC 2025
Mon Jul 21 14:19:20 UTC 2025
Tue Jul 22 14:18:34 UTC 2025
Wed Jul 23 14:19:33 UTC 2025
Thu Jul 24 14:19:07 UTC 2025
Fri Jul 25 14:16:40 UTC 2025
Mon Jul 28 14:19:52 UTC 2025
Tue Jul 29 14:21:38 UTC 2025
Wed Jul 30 14:18:21 UTC 2025
Thu Jul 31 14:19:24 UTC 2025
Fri Aug  1 14:19:22 UTC 2025
Mon Aug  4 14:22:21 UTC 2025
Tue Aug  5 14:22:12 UTC 2025
Wed Aug  6 14:21:47 UTC 2025
Thu Aug  7 14:21:10 UTC 2025
Fri Aug  8 14:19:40 UTC 2025
Mon Aug 11 14:19:29 UTC 2025
Tue Aug 12 14:17:25 UTC 2025
Wed Aug 13 14:18:06 UTC 2025
Thu Aug 14 14:17:19 UTC 2025
Fri Aug 15 14:16:40 UTC 2025
Mon Aug 18 14:18:17 UTC 2025
Tue Aug 19 14:16:35 UTC 2025
Wed Aug 20 14:17:29 UTC 2025
Thu Aug 21 14:16:54 UTC 2025
Fri Aug 22 14:16:02 UTC 2025
Mon Aug 25 14:17:25 UTC 2025
Tue Aug 26 14:15:48 UTC 2025
Wed Aug 27 14:15:59 UTC 2025
Thu Aug 28 14:16:32 UTC 2025
Fri Aug 29 14:15:20 UTC 2025
Mon Sep  1 14:15:30 UTC 2025
Tue Sep  2 14:16:34 UTC 2025
Wed Sep  3 14:16:02 UTC 2025
Thu Sep  4 14:15:30 UTC 2025
Fri Sep  5 14:14:52 UTC 2025
Mon Sep  8 14:16:42 UTC 2025
Tue Sep  9 14:14:07 UTC 2025
Wed Sep 10 14:14:57 UTC 2025
Thu Sep 11 14:16:19 UTC 2025
Fri Sep 12 14:15:03 UTC 2025
Mon Sep 15 14:16:50 UTC 2025
Tue Sep 16 14:16:34 UTC 2025
Wed Sep 17 14:15:51 UTC 2025
Thu Sep 18 14:16:26 UTC 2025
Fri Sep 19 14:15:43 UTC 2025
Mon Sep 22 14:16:58 UTC 2025
Tue Sep 23 14:16:19 UTC 2025
Wed Sep 24 14:14:01 UTC 2025
Thu Sep 25 14:16:33 UTC 2025
Fri Sep 26 14:14:44 UTC 2025
Mon Sep 29 14:16:31 UTC 2025
Tue Sep 30 14:16:47 UTC 2025
Wed Oct  1 14:16:26 UTC 2025
Thu Oct  2 14:15:44 UTC 2025
Fri Oct  3 14:15:05 UTC 2025
Mon Oct  6 14:16:02 UTC 2025
Tue Oct  7 14:16:56 UTC 2025
Wed Oct  8 14:16:30 UTC 2025
Thu Oct  9 14:16:16 UTC 2025
Fri Oct 10 14:15:57 UTC 2025
Mon Oct 13 14:17:31 UTC 2025
Tue Oct 14 14:16:59 UTC 2025
Wed Oct 15 14:17:28 UTC 2025
Thu Oct 16 14:17:02 UTC 2025
Fri Oct 17 14:16:09 UTC 2025
Mon Oct 20 14:15:54 UTC 2025
Tue Oct 21 14:16:01 UTC 2025
Wed Oct 22 14:18:02 UTC 2025
Thu Oct 23 14:17:17 UTC 2025
Fri Oct 24 14:17:24 UTC 2025
Mon Oct 27 14:17:30 UTC 2025
Tue Oct 28 14:17:54 UTC 2025
Wed Oct 29 14:17:16 UTC 2025
Thu Oct 30 14:17:27 UTC 2025
Fri Oct 31 14:16:52 UTC 2025
Mon Nov  3 14:17:23 UTC 2025
Tue Nov  4 14:17:32 UTC 2025
Wed Nov  5 14:17:16 UTC 2025
